<?xml version="1.0" encoding="UTF-8"?>
<beans 
	xmlns="http://www.springframework.org/schema/beans"
	xmlns:context="http://www.springframework.org/schema/context"
	xmlns:tx="http://www.springframework.org/schema/tx"
    xmlns:xsi="http://www.w3.org/2001/XMLSchema-instance"
    xsi:schemaLocation="
        http://www.springframework.org/schema/beans http://www.springframework.org/schema/beans/spring-beans.xsd
        http://www.springframework.org/schema/context http://www.springframework.org/schema/context/spring-context.xsd
        http://www.springframework.org/schema/tx http://www.springframework.org/schema/tx/spring-tx.xsd">

	<!-- loading annotated beans -->
	<context:component-scan base-package="com.cdac.components" />
	
	<!-- DataSource configuration -->
	<!-- Issue with the below configuration is:
		 We haven't configured the pool size yet -->
	<!-- <bean name="dataSource" class="org.springframework.jdbc.datasource.DriverManagerDataSource">
	    <property name="driverClassName" value="com.mysql.cj.jdbc.Driver" />
	    <property name="url" value="jdbc:mysql://localhost:3306/cdac" />
	    <property name="username" value="root" />
	    <property name="password" value="passw0rd" />
	</bean> -->
	<bean id="dataSource" class="org.apache.commons.dbcp2.BasicDataSource" init-method="start">
	    <property name="driverClassName" value = "com.mysql.cj.jdbc.Driver" />
	    <property name="url" value = "jdbc:mysql://localhost:3306/advancejava" />
	    <property name="username" value = "shinde" />
	    <property name="password" value = "cdac" />
	    <property name="initialSize" value = "3" />
  	</bean>
  	
  	<!-- Spring & Hibernate Integration settings -->
  	<!-- This bean configuration will help us create the EntityManagerFactory & EntityManager object -->
  	<!-- Also no need of separate META-INF/persistence.xml, as the required settings
  		 can be done here itself within the bean -->
	<bean id="myEmf" class="org.springframework.orm.jpa.LocalContainerEntityManagerFactoryBean">
	    <property name="dataSource" ref="dataSource" /> <!-- Reference of above DataSource -->
	    <property name="packagesToScan" value="com.cdac.components" /> <!-- Location of @Entity classes -->
	    <property name="jpaVendorAdapter">
	        <bean class="org.springframework.orm.jpa.vendor.HibernateJpaVendorAdapter" />
	    </property>
	    <property name="jpaProperties">
	        <props>
	            <prop key="hibernate.hbm2ddl.auto">update</prop>
	            <prop key="hibernate.show_sql">true</prop>
	        </props>
	    </property>
	</bean>
	
	<!-- This bean entry is responsible for providing us with the support for
		managing transactions in our application -->
	<bean id="transactionManager" class="org.springframework.orm.jpa.JpaTransactionManager">
	    <property name="entityManagerFactory" ref="myEmf" />
	</bean>
	
	<tx:annotation-driven />
</beans>